ID,DataNascimento,Sexo,Nome,NomeMae,NomePai,LinhasOnibus
00000,02/08/0097,F,FRANCISCA SALES HENRIOUE,FRANCISCA SALES OLIVEIRA,ANTONIO SILVA HENRIQUE,[128, 595, 464, 320, 227, 972, 31, 961]
00001,13/07/0092,F,MARGARIDA T FELIX,MARIA T NASCIMENTO,JOAO,[471]
00002,19/01/0999,M,RAIMUNDO PAIVA SOUSA,NANCY PAIVA ROSANGELA,JOSE SILVA SOUSA,[687, 449, 746, 225]
00003,15/05/0339,M,LUCIVAN NOELIA MOREIRA,HILDA NOELIA COSTA,JOAO NOKANOMOREIRA,[746, 14, 768, 671, 985, 776, 839, 207]
00004,23/03/0005,M,FRANCISCO FERREIRA MARTINS,MARIA FERREIRA ALBUQUERQUE,ANTONIO RIBEIRO MARTINS,[445, 806, 956, 540, 728, 636, 932]
00005,13/11/0029,F,YARA CELIS HELIO,REGINA C P,EDINILSON B H,[942, 780, 109, 84, 266, 364, 682, 24]
00006,27/05/0937,F,IZABEL SILVEIRA FLORENCIO,ANTONFA PILVEIUA PAULO,PAULO EDVANDO FLORENCIO,[939, 501, 987]
00007,27/03/0950,F,ADRIANA MARIA SANTOS,MJRHA,JACINTO RICARDO SANTOS,[57, 923, 879, 360, 425, 119, 673, 266, 478, 920]
00008,27/03/0989,F,RUTE S J,MARIA SIMOES OLIVEIRA,ELIEZER FREITAS JOAO,[16, 596, 799, 746, 487, 281, 487, 927, 241, 834]
00009,22/09/0008,F,SELINA FERREERA RAMOS,SIMONE FERREIRA SILVA,FLORIVAL S R,[587, 532, 724, 893, 614]
00010,29/03/0993,F,SHIRLANA S A,LIDIA SCARCELLA FREITAS,RAIMUNDO,[716, 387, 177, 925, 377]
00011,09/02/0984,F,FRANCISCA SANTOS SOUSA,FRANCISCA,MANOEL CASTRO SOUSA,[573, 224, 313, 799, 975, 216]
00012,22/10/0091,M,ANTTNIO DHAVEQ PEREIRA,REGINA CHAVES CAROLINE,JOSE,[969, 868, 265]
00013,20/11/0773,F,ANA CONREICAO NASCIMENTO,MARIA C B,MAURO ARAUJO NASCIMENTO,[460, 131]
00014,26/05/0084,F,MARIA M C,MARIA M P,LUCIEUDO JOAQUIM CESAR,[867, 12, 891]
00015,23/06/0062,M,DAVI LIVRAMENTO BEZERRA,ANA L S,ANTONIO SOUZA BEZERRA,[888, 735, 846, 458, 146, 300]
00016,14/11/0749,M,RENATO RICARDO SILVA,MARIA R L,PEDRODEMONTIIR SILVA,[709, 331, 655, 28, 529, 376, 960, 145]
00017,05/07/0578,F,MARIA RODRIGUES OLIVEIRA,BEREZA RODRIGUES SANTOS,CRISTIANO,[201, 453]
00018,29/11/0655,M,ANTONIO,MARIA SANTOS SILVA,JOSE,[750, 116, 367, 200, 741, 496, 847, 842, 455]
00019,15/07/0968,M,MATEUS BEZERRA FRANCA,BARBARA BEZERRA COSTA,DEMETRIO LSURIVZLFRANEU,[551, 285, 625, 363, 364, 912, 303, 37, 94]
00020,16/06/0651,M,JOSE MACIEL ARAUJO,FRANCISCA,JOSE SOUZA ARAUJO,[18, 517, 18, 124, 164]
00021,17/04/0045,M,REGILAN,MARIA LIMA SOUSA,AUGUSTO FRANCISCO COUTINHO,[30]
00022,27/12/0010,M,IVANILDO ALMEIDA FABRICIO,LUCIA ALMEIDA APARECIDA,LINDOLFO SOBRINHO FABRICIO,[795, 502, 966, 47, 981, 632, 411]
00023,21/07/0046,M,FRANCISCO CARVALHO SOUZA,MARIA CARVALHO DILURDE,FLAVIO MARTINS SOUZA,[767, 339, 892, 573]
00024,23/03/0976,M,FRANCISCO ALMEIDA GERALDO,URANCISCA ALMEIDA SILVA,XEOVAN SANTOSGERALDO,[131, 904, 165, 583, 257, 140, 444, 754]
00025,11/09/0013,F,REBECA PINHEIRO SILVA,MARIA PINHEIRO MINERVINA,FRANCISCO A S,[491, 339, 514, 754, 650, 516]
00026,28/01/0345,F,MAYARA SILVA ALVES,MARIA,FRANCISCXALVES SILVA,[819, 266]
00027,29/01/0010,F,MARIA MARIA PAIVA,MARIA MARIA PEREIRA,FRANCISCO SILVA PAIVA,[485, 650, 987, 389, 990, 270, 353, 949]
00028,13/12/0005,F,LUCIMAR ODETE BEZERRA,MARGARIDA ODETE PAZ,RAIMUNDR MARQUES BEZERRA,[572, 798, 563, 197, 29, 547, 19, 910, 689, 445]
00029,16/10/0012,F,ALDECIR SILVA LIMA,ELOISA SILVA SILVA,FRANCISCO,[628, 568, 36, 569]
00030,26/05/0992,F,GIRCILENE ARAUJO GOMES,MADIA APAUJO NOUFDES,JEAN FERREIRA GOMES,[198, 961, 417, 320, 246, 369]
00031,10/09/0171,M,EDILBERTO GOMES VILMAR,ENRIA GOMES CARLOS,FRANCISCO OLIVEIRA VILMAR,[963, 478, 878, 401, 187, 267, 17, 418, 35]
00032,15/02/0062,M,RARCOS,MARIB MNRQWET FERREIRL,JOAO WUDCADE BTTJSTA,[36, 259, 723, 28, 12, 997, 909]
00033,11/05/0973,M,KALEB SILVA AZEVEDO,MARIA S L,FRANCISCO,[409, 701, 424, 85]
00034,15/05/0999,F,MARIA S N,RAIMUNDA SILVA MARIA,IVAN CLESIANO NASCIMENTO,[455]
00035,15/12/0011,F,FRANCISCA SILVA FILHO,GLAUBZA SILVA SIQUEIRA,FRATCISCO LUCAS FILHO,[145, 230]
00036,26/08/0050,F,CINARA REINALDO LOURENCO,FATIMA REINALDO SILVA,ANTONIO OLIVEIRA LOURENCO,[488, 501, 414, 877, 791, 270, 703]
00037,15/08/3956,F,MARIZS V,FRANCISCA SOUSA SILVA,DANIEL PEREIRA VIEIRA,[684, 137]
00038,24/09/0960,F,JESSIKA A G,MARIA,DOMINGOT SIPVA GPCBLDO,[606]
00039,17/02/1399,F,RENATA SEBRORW CARVCAS,TEREZINHA SENHORA MATOS,JOSE S C,[860, 341, 70, 450]
00040,23/10/1983,M,PEDRO SILVA LIMA,AATONID,MANUEL BESERRA LIMA,[445, 271, 123]
00041,07/02/0043,M,MANOEL DIAS AURELIANO,FRANCISCA DIAS SOUSA,ANTONIO SANTOS AURELIANO,[543, 512, 26, 58, 257, 895, 42]
00042,21/11/0997,M,JOSE LEITE SILVA,ANA LEITE JUVENAL,FRANCISCO ROCHA SILVA,[485, 668, 801, 579, 94]
00043,05/08/0053,M,JOAO,LUIZA LIMA VASCONCELOS,FRANCISCO SANTOS ALMEIDA,[353, 260, 899, 852, 314, 415, 659, 558]
00044,17/01/0010,M,ATRIANO SAMPAIOFOUSA,LEIDBANE,BRUNO ALVES SOUSA,[56, 149, 973]
00045,28/11/0953,F,KEMILLY LOURDES ANTONIO,CELENE,CARLOS ANTONIO ANTONIO,[501, 269, 101, 134, 388]
00046,25/11/0996,F,LARISSA COSTA OLIVEIRA,ANA COSTA CHAGAS,JOSE MELO OLIVEIRA,[333, 214, 327, 456, 396]
00047,08/01/0987,M,IVO LOPES AMORIM,ANA LOPES SERRA,ANTONIO OLIVEIRA AMORIM,[136, 109, 654, 239]
00048,08/09/0993,F,PAMELA S D,DIONIZIA,ANTONIO LIMA DAMASCENO,[120]
00049,31/01/0968,M,FRANCISCO,ANDREZA SILVA ANITA,FRAJCISCO F Q,[297, 438, 977, 657, 755, 360, 710, 972]
00050,15/02/0005,M,IURI SANTOS SILVA,TERESA S T,JOAO HONORIO SILVA,[412]
00051,08/09/0002,M,RAIMUNDO EMILIA SILVA,MARIA EMILIA GERLANE,JOAO SANTOS SILVA,[453, 507, 283, 189, 637, 332, 373]
00052,26/08/0003,F,SUYANE CRISTINA NONATO,GERALDA CRISTINA BATISTA,JOSE FILHO NONATO,[944, 600, 354, 740, 14, 450, 828, 672, 436, 740]
00053,17/03/0007,F,DALVANIR SILVA MARTINS,ERIHLANE SILVG LOPES,FRANCISCO V M,[382]
00054,20/10/2028,F,LAURA SOUSA ARAUJO,FRANCISCA SOUSA LEITE,FRANCISCO PEREIRA ARAUJO,[134, 883, 858]
00055,14/02/0013,F,PAULA PINTO OLIVEIRA,IVONISE P C,JACILDOFEXREIRA OLIVEIRA,[564, 281, 419, 629, 428, 257, 147, 699]
00056,20/02/2010,M,JOSE COSTA PAULINO,FRANCISCA COSTA SANTOS,FRANCISCO SANTOS PAULINO,[579, 930]
00057,24/12/1571,M,EDER BARBOSA RODRIGUES,ANA BARBOSA MENEZES,ANTONIO CHAGAS RODRIGUES,[253, 371]
00058,02/10/0059,F,MARIA SOUSA SANTOS,EUCGIDES SOVSAMARIA,LUCAS SILVA SANTOS,[182, 677, 243, 377, 688, 607, 440, 152, 942]
00059,25/03/0092,F,MARQA,MARIA FEIJO SILVA,ANEMIDU BUZXRRA CARLVS,[435, 165, 839, 284, 412, 490, 57]
00060,13/09/0020,M,DEYVID SANTOS BRASIL,MARIA SANTOS SANTOS,FRCNCISCO R B,[976, 598, 436]
00061,30/10/1343,M,ANTONIO QUEIROZ ALVES,MARIA Q I,JOSE F A,[694, 607]
00062,03/07/0774,F,MARIA OLIVEIRA PEREIRA,RAIMUNDA,MALOEL SILVA PEREIRR,[528, 221, 580]
00063,20/05/0004,M,ELIELSON OLIVIAOLIVEIRA,MARIA,FRANCISCO RISOMAR OLIVEIRA,[97, 277, 718, 632, 595, 287, 245, 761, 543]
00064,19/01/0517,M,MATHEUS,SILWIK LIMA SILVQ,RAIMUNDO BEZERRA HAROLDO,[901, 787, 386, 934, 650, 275, 978, 480, 170]
00065,05/11/0018,M,AVKRLQNGY PEREMPA SANTOS,ODETE PEREIRA SILVA,FRANCISCO C S,[35, 30, 396, 910, 482, 850, 588, 214]
00066,04/11/0007,F,MARIA SILVA AUIZ,ALINE SILVA SOUSA,MANUEL,[273]
00067,12/04/0982,F,MARIA S B,MARIA SILVA NOBREGA,ROZENDO GOMES BORGES,[47, 970, 740, 598, 197, 474]
00068,20/03/0907,M,MIGUEL F S,MARIA FERREIRA ALVES,FRANCISCO,[107, 998, 296, 204, 254, 329]
00069,23/09/0080,M,LUCAS,FRANCISCA A A,GALBERTO FERREIRA NONATO,[405, 115]
00070,10/06/0015,M,DIEGO D F,CLEIDE DIOGO CONCEICAO,ROZEBDO Z F,[517, 818]
00071,10/05/0933,F,LILYAN C S,LUZIRENE,MARCOS,[426, 747, 879, 446]
00072,13/12/0060,M,GAINETE SILVA ANDRE,FRAMCY,JOSMILTON RICARDO ANDRE,[642, 795, 545, 27, 421, 534, 97, 645]
00073,19/11/1962,M,ANTONIO SILVA NONATO,MARIA SILVA PAULINO,JOAO FREITAS NONATO,[353, 233, 693, 369, 640, 933, 990, 64, 527, 192]
00074,04/10/0069,M,EDUARDO,MARIA SILVA CONCEICAO,JOAO,[559, 652]
00075,11/02/0053,F,ANA PONTES ANDRADE,JUCELINA PONTES SILVA,FRANCISCO SILVA ANDRADE,[776, 768, 749, 747, 367, 857, 878, 937]
00076,17/12/0038,M,EDIVALDO SANTOS SILVA,MARIETE SCNTOSSOUSA,RAIMUNDO BENTO SILVA,[154, 900, 84, 721, 496, 708, 29]
00077,06/09/0993,M,MATHEUS REJANE SILVA,FRANCISCA REJANE FERREIRA,OTAVIO SILVA SILVA,[794, 36, 418, 296, 102, 222, 507]
00078,21/12/0986,M,LUIZ A M,MARLUCIA ALVES ALVES,JOAQUIM,[141, 46, 498, 339, 296, 214, 277, 865, 154]
00079,29/10/0948,M,ANTONIO SILVA PACHECO,FRANCISCA SPLVA SILVA,EUDESARNTLDY PGCCECO,[403, 846, 808, 222]
00080,12/12/0003,F,GESIANE ISIDORIO COSTA,MARILENE ISIDORIO SOUZA,RAIMUNDO,[914]
00081,27/11/1972,F,MARPA,FRANCISCA SILVA FERREIRA,JUCIER SOUZA SOUZA,[502, 870, 774, 166]
00082,12/09/0008,M,MARIA CASTRO SOUSA,MARIA C N,FRANCISCO CLAUDINO SOUSA,[37, 118, 49, 748, 666, 191]
00083,18/04/0058,F,FLAVIA,ANA Y S,FRANCISCO PEREIRA SOUSA,[312, 636, 590, 256, 922, 50, 111, 428, 714, 630]
00084,16/10/0961,F,ROSANE MELO COSTA,CLAUDIA MELO AMELIA,JOSE SILVA COSTA,[914, 744, 11, 854]
00085,14/11/0003,M,FRANCISCO JOSE CHAVES,MARIA,JOAO O C,[567]
00086,17/11/0073,M,FRANCISCO BEZERRA NOBREGA,MARIA B J,JOSE SOUZA NOBREGA,[202, 599]
00087,25/08/0009,M,JOSE S B,MARIA SOUZA MATOS,JOSE SILVA BASTOS,[451, 880, 603, 172]
00088,10/08/0009,F,ANA,RITA FEIJAO SOCORRO,LUIZ,[993, 995, 706, 370, 195, 6, 26, 858, 161, 867]
00089,14/07/0790,M,GABRIEL SANTOS SOUZA,REGINA SANTOS CLAUDIA,FRANCISCO SILVA SOUZA,[296, 528]
00090,22/05/0981,F,KESSIA,FRANCISCA NASCIMENTO SILVA,EDSON M M,[205, 370, 759, 911, 546, 231, 169, 716, 371]
00091,26/11/1001,F,REGILENE OLIVEIRA SOXSA,RAIOUNDA BUIVEYRPQABRLO,LEONARDO F S,[34, 360, 594, 615, 719, 570, 30, 14, 613]
00092,12/10/0009,M,PEDRO SOUSA CARMO,MONICA SOUSA FERREIRA,JOSE,[958, 197, 28, 790, 872]
00093,23/01/1964,M,LUIZ,MARIA AURI SILVA,BALDECT SRNDOS SOARES,[675, 644, 607]
00094,20/09/0046,F,ANTONIA NUBIA DIAS,GERALDA N M,GLEDIHAN SILVADIAS,[931, 985, 593, 930, 449, 260, 106, 509, 654]
00095,12/02/0007,M,ZBSE HYLENAPAIVO,JANAINA HELENA SOUSA,FRANCISCO FRANCISCO PAIVA,[371, 377, 675, 534, 806]
00096,28/09/0014,F,JOSENEIDE S A,MARIA US,JOSE A A,[774, 132, 743, 62, 623, 644, 60]
00097,18/05/0169,M,NACELIO FROTA SANTOS,ANA,MANOEL SOUSA SANTOS,[881, 480, 97, 199, 85]
00098,25/10/0945,F,FRAYCISCA SANTOS DONSECA,NILZA SANTOS CONCEICAO,JOSE,[872, 162, 450]
00099,28/07/0918,F,ANTONIA MIRTES HOAINGOG,ADRIANA MIRTES PEREIRA,ANTONIO F D,[774, 27, 743, 90, 687]
00100,16/08/0012,M,CAUAN NASCIMENTO LIMA,MARIA NASCIMENTO GOMES,ROGERIO SOUZA LIMA,[235, 446, 654, 583, 425, 987, 894, 428]
00101,22/12/0035,M,DALVAN FERRCIRACBARO,AARIA FERRUIRA GOWEJTI,RAIMUNDO NOBRE CLARO,[611, 360, 197]
00102,13/02/0380,M,ELIAS FERNANDES VENANCIO,MARIA FERNANDES REBOUCAS,WILSON SANTOS VENANCIO,[916, 254, 552, 334, 438, 94, 203, 250, 749]
00103,23/11/8980,F,MARIA LC,ROSA L O,MAYKON CLERMILSON CORREIA,[694, 925, 762, 906, 348]
00104,13/11/0876,F,KICIANE ARAUJO BERNARDINS,MARIA,ANTONIO MARIA BERNARDINS,[176, 180, 911, 468, 994, 360, 553, 310]
00105,16/05/0842,F,EDITE FREITAS SILVA,GERCILDA FREITAS FONSECA,ANTONIO S S,[693, 220]
00106,14/07/0943,F,NAGILA OLIVEIRA SOUSA,MARIA OLIVEIRA BRAZ,JASE J S,[1, 202, 999, 987, 974, 79, 434, 88, 884, 441]
00107,21/09/0002,M,RUBEM,MARIA V C,DOMINGOS MESQUITA CAMPOS,[777, 835, 341, 946, 966, 829, 616, 855]
00108,24/09/0069,F,JANIA ALMEIDA NOGUEIRA,PATRICIA,FRANCISCO M N,[214, 225]
00109,12/06/0957,F,RINA O W,MARIAO C,FRANCISCO RICARDO WELLINGTON,[287, 739, 306, 509, 825, 219]
00110,27/12/0001,M,WESLEY S O,REGINA SILVA MARIA,DRANCISCO OLIVEIRA WYLVA,[423, 542, 546, 37, 227, 651, 792, 123, 667]
00111,21/01/0997,F,ANA ELIOZETE SANTOS,EDITE E J,JULIO,[649, 544, 711, 741, 773, 547, 230]
00112,28/10/0095,M,CRISTIANO T B,CLAUDENIA T S,FRANCISCO C B,[809, 887, 962, 777, 520, 76, 709, 615]
00113,11/01/0054,F,SORAYA SOLANGE SILVA,TEREZA S S,ANTONIO FERNANDES SILVA,[767, 309, 985]
00114,13/11/3951,M,ANTONIO,MARIA SOUSA PEREIRA,JOSE,[254, 717, 554, 733]
00115,25/02/0081,M,IONATHAN SILUAGNTES,SIMONE,RAIMUNDO SECUNDINO GOMES,[543, 105, 545, 76, 30]
00116,18/12/0001,M,ALBERTO S L,REJANE SILVA SILVA,JDSE,[419, 496, 924, 224, 474, 157, 833, 687]
00117,16/03/0098,M,FRANCISCO,MARIA ARRUDA NASCIMENTO,ALFREDO BRITO ARAUJO,[718, 326, 573, 112, 358, 156, 962, 121, 456]
00118,12/08/0015,F,MARIA PEREIRA COSTA,AAIIA PEREIRA SOUZA,RAIMUNDO LEONCIO COSTA,[82, 872, 237, 474, 533]
00119,26/11/0996,M,LUBAF A S,FRANCISCA AMORIM SANTOS,HELIO MARIA SOUSA,[98, 743, 281, 233, 116, 585, 66]
00120,21/09/0925,M,JOAO S C,MARIA,RAIMUNDO,[732, 61, 178, 73, 784, 739, 592]
00121,18/03/0967,M,MARCOS OLIVEIRA ALVES,METONIZIA,FRAOCISCO N A,[445, 745, 454, 771, 669, 664, 725]
00122,21/12/0669,F,MARIA,FRANCISCA SILVA FATIMA,RAIMUNDO CABRAL CRUZ,[40, 785, 565, 499, 529, 275, 749, 318, 748, 247]
00123,19/09/0932,F,ANA S G,CRESTINA SOUZM FQANCISCA,ANTONZO ARAUJO DOMES,[82]
00124,10/06/0965,M,LUCAS INACIO ROBERTO,MARIA INACIO FERREIRA,PEDRO ALVES ROBERTO,[157, 342, 99, 541]
00125,28/04/0924,M,DANIEL PIRES GONZAGA,EDITE,JOSE C G,[859, 203, 864, 162, 188]
00126,14/10/0962,F,VALDIRENE RODRIGUES VALDECI,EDNA,JQSELVTO FECREIRA VALDECI,[378, 296]
00127,16/12/0010,F,ANDREZA SANTOS ILSON,MARIA,FRANCISCO,[48, 735, 853, 842, 530, 438, 653]
00128,28/11/0971,F,MARIA B R,MARIA BARBOSA VIDAL,ZAQUIER LUIS RICARDO,[420, 651, 800, 227, 7, 650, 144, 717]
00129,21/05/1563,F,ELISANGELA,ISABEL SILVA BARBOSA,FRANCISCO FERREIRA BRAGA,[13, 453, 909, 127]
00130,23/11/0960,M,DAEGO MTRTIES PEREIQA,FRANCISCA,VICENTE MAURICIO PEREIRA,[273, 769, 397, 455, 906, 628, 148, 187, 664, 620]
00131,30/07/0906,F,HELLANY,MARIA SANTOS TABOSA,FRANCISCO MARIA RODRIGUES,[801, 702]
00132,19/02/0042,F,AMANDA C F,ANA CRISTINA LIDUINA,FRANCISCO BEZERRA FARIAS,[133, 63, 327, 945]
00133,23/09/0093,F,FRANCISCA B S,MARIA BELO CASTRO,LUIF SARAIVA SOLON,[257, 173, 111, 502, 900, 128, 20, 962, 954]
00134,10/12/0014,M,FKANCISCB,CIDINEIDE SOUSA LIVRAMENTO,JOSE NETO JUSTINO,[845, 231, 790, 311, 830]
00135,19/11/2383,F,MARIM FERNANDLS IIMVA,FRANCISCA FERNANDES SANTOS,ANTONIO LIMA SILVA,[402, 416, 325, 103, 964, 490]
00136,15/12/0010,M,JORGE MOURA SANTOS,MARIA,FRANCISCO SILVA SANTOS,[272, 773, 125, 119]
00137,26/08/0045,F,RENATA DOMINGOS SILVA,MARIA DOMINGOS LOPES,CLOVIS BARBOSA SILVA,[620, 904, 89, 475, 983]
00138,11/06/0019,M,JOSE M G,MARIA,MANOEL NASCIMENTO GERSON,[979, 449, 575, 543, 807]
00139,07/03/0146,F,DARGILA SOUSA BARBOSA,TEODOLINA SOUSA FLORIANO,JOSE SANTOS BARBOSA,[269, 632, 116, 521, 844, 105, 700]
00140,17/01/0961,M,JOAO SILVA PAIVA,ROSA SILVA FERREIRA,FRANCISCO PAIVA SILVA,[969, 799, 643, 632, 462, 50, 666, 324, 202, 691]
00141,30/12/0031,F,ANNOGITA PAULO GADOLHA,MARIA PAULOVIANA,RAIMUNDO M G,[847, 987, 322, 671, 573, 340]
00142,11/10/1000,M,ARTUR S S,MARIA SILVA SOUSA,FRANCISCO GIHELES SOUZA,[45, 276, 507, 744, 472]
00143,21/02/0008,M,FRANCISCO,MARIA NASCIMENTO SANTOS,ALISSON SILVA SILVA,[85, 880, 717, 82, 321, 514, 87]
00144,23/11/0968,F,VILMA CASTRO MAGNO,CARMOZINA,JOSE LIMA MAGNO,[351, 397]
00145,19/09/0971,F,KARINA SILVA SANTOS,JANAINA SILVA CUNHA,MANOEN ALBERTO SAZTOS,[603, 427, 144, 73]
00146,01/10/0005,M,FRANCISCO MACENA SILVA,NAIR MACENA FERREIRA,FRANCISCO TEIXEIRA SILVA,[292, 582]
00147,20/09/0044,M,LUIZ MONTE LIMA,MARIA M S,JOAO C L,[853, 193, 296]
00148,24/07/0036,M,PAULO GOMES FACUNDO,VALNEIDA GOMES SILVA,EMANUELBARBOSA FACUNTO,[886, 965, 72, 206]
00149,16/03/1003,F,ELIENE OLIVEIRA REIS,CELINA,FLAVIO PAULO REIS,[559, 351, 502, 759, 46, 884, 95, 884]
00150,26/11/0932,M,ALEKANDRE R B,ANTPNIA ROCHASILVU,OSMILDO S B,[401, 278, 921, 128]
00151,29/12/0014,F,FRANCISCA ARAUJO SILVA,IRACEMA ARAUJO GADELHA,WELLIGTON LRMW SILPA,[801, 31, 82]
00152,06/04/0960,F,JAQMELINE,FRANCISCA SANTOS SILVA,CARLOS FERREIRA SILVA,[581]
00153,07/11/0953,F,AURISONIA SUDARIO PEREIRA,MARIA SUDARIO DIAS,GILDECI SANTOS PEREIRA,[845, 534, 373, 741, 250, 634]
00154,17/03/0953,F,JNSDICA,TEREZA VIEIRA LIMA,RAIMUNDO,[11, 395, 867, 185, 15]
00155,25/10/2017,M,RAIMUNDO R M,SOCORRO,RAIMUNDO C M,[280, 110, 47]
00156,29/08/0008,F,ALICE SILVA RIBEIRO,FRANCISCA SILVA SILVA,MARIA,[147, 635, 809, 861, 842, 53, 809, 424, 476]
00157,11/09/0979,F,MARIA ERISMEUDA SILVA,GLEYCIANE ERISMEUDA SILVA,FRANCISCO SOUSA SILVA,[219, 375, 992, 371, 696]
00158,26/07/0037,F,LEKIA FNLIX GONUALO,MARIA F M,GUILHERME MOURA GONCALO,[714, 30, 201, 811]
00159,13/10/1974,M,WALTER,JOSILEIDE RAMOS CAMPOS,EDNARDO ORLANDO GONZAGA,[79, 739, 253, 431, 423]
00160,14/11/2008,F,GERLANA XAVIER PAIXAO,MARIAXAVIER FREITAJ,FLAVIO SILVA PAIXAO,[635, 792, 955, 236]
00161,18/10/0615,M,JAIR AUGUSTA TORRES,MARIA,JOSE CAMPOS TORRES,[270]
00162,28/09/0077,M,FRANCISCO PEREIRA ROCHA,MARIA P A,LUIZ S R,[524]
00163,13/06/1998,F,MARIA SANTOS BATISTA,MARIA SANTOS FRANCHSOK,PETRONIO ABREU BATISTA,[908, 506, 69, 918, 109]
00164,23/03/3994,M,PABLO LIMA SOARES,LUCINDA,ANTCNIK SILVA SOARES,[189, 633, 215]
00165,21/01/0951,M,JOSE FERREIRA CARNEIRO,EDIVANIA FERREIRA FREITAS,PEDRO OLIVEIRA CARNEIRO,[390]
00166,17/11/0184,M,ENDSON SOUZA BEZERRA,LAURA SOUZA ROGERIO,ARTUR FILHO BEZERRA,[558, 567, 997, 377, 925, 9, 377, 676, 388, 729]
00167,30/09/0305,M,ORLANDO,OLIMPIA SILVA SOUSA,JOSE,[772, 59, 795, 869, 281, 30, 424, 162, 300, 362]
00168,05/04/0760,M,TIAGO S R,RENATA SILVA DUARTE,JOSE T R,[302, 371, 253, 67, 742, 352, 347, 259, 646]
00169,23/08/0056,F,FABIANA R S,MARIA ROCHA MARTINS,ANTONIO,[445]
00170,14/10/1926,M,DALGIMAR,RIATA BENIGNO ERIVANIA,LUIZ M S,[364, 362, 805]
00171,05/07/0009,F,CLARA SILVA BEZERRA,MARIA SILVA SILVA,CICYLO BEZERVA SILVA,[706, 534]
00172,18/01/0983,M,ROAO M A,MARIA M P,APEMIABARZEYA ARGUJO,[709, 846, 129, 740, 845, 345]
00173,10/07/0008,M,RAFAEL RIBEIRO NASCIMENTO,LILIANE RIBEIRO PEREIRA,LUIS,[397]
00174,28/10/0007,F,FRANCISCA SOUSA WILLIAN,NEUBIA S I,QNTONIR QANTOS WILLIVN,[464, 87, 993, 62, 746, 381, 307, 390, 101]
00175,04/10/0966,M,HERBENES P S,ANTOEIA PAULOFEZREIRA,ANTONIU RAIMUNDO ZILVA,[801, 305, 173, 767, 552, 56, 821]
00176,23/01/0693,F,ANNA FIGUEREDO CAETANO,LYCIA FIRUERYDO SCTRES,ALDEIRTON,[727, 25]
00177,24/10/0608,F,ELAINE FRANCA BRITO,MARIA F H,JACINTH WEWVMFERGBRIBO,[363, 912, 412, 450, 149, 775, 343, 682, 325, 429]
00178,06/10/0088,M,ALAN VALDIZIA SILVA,IOLANDA VALDIZIA SOUSA,FRANCISCO,[963, 965, 628, 602, 695, 237]
00179,12/07/0044,F,MARCELA OLIVEIRA SILVA,LIDUINA OLIVEIRA BARBOSA,MAILUNDO SANTOS SILVA,[848, 689, 43, 437, 856, 88, 722]
00180,12/03/0930,M,EZANSEL OLIVEIRANASCIMENTO,MARIA OLIVEIRA RAMOS,ANTONAO M N,[555, 586]
00181,21/03/0970,F,MAIARA NILVA NASCIMENTO,LUCILIANE NILVA GONCALVES,ELIEL F N,[850, 963]
00182,12/05/0012,M,WESLEY NASCIMENTO FONSECA,RAIMUNDA NASCIMENTO CASTRO,YLBER G F,[400, 1, 154, 813, 842, 586, 552, 627]
00183,28/07/0942,M,ROBERTO,MARIA RODRIGUES JOSERNILDA,HARARENO F P,[139, 798, 808]
00184,09/09/0077,F,CARINE DIVA SABOIA,MARIA DIVA FROTA,FRANCISCO ANDRADE SABOIA,[313, 512]
00185,27/09/0982,M,ADILIANO LUIS RODRIGUES,HELANIA L C,FRANCISCO L R,[289, 98, 589, 849, 631, 421, 7]
00186,18/11/1933,M,FRANCISCO A S,MARIA ANA FERREIRA,FRANCISCO CASTRO SOUSA,[948, 141, 186, 958, 770]
00187,14/10/0012,M,FREDSON SOUZA ANDRADE,MARIA SOUZA SANTOS,EDIVALDO,[448]
00188,18/11/0976,F,DAMIANA OLIVEIRA CARLOS,VALDENIA OLIVEIRA SOUZA,CELIO PIERRE CARLOS,[255, 796, 768, 89, 751, 830, 196, 550, 931, 438]
00189,26/09/0170,F,MARIA,ALFREDINA SILVA CASTRO,JOSE M R,[154, 726, 392]
00190,28/05/2001,F,MARIA JANUARIO SILVA,MARIA JANUARIO BRAGA,JOSUE B S,[218, 315, 291, 190, 992]
00191,10/08/0008,F,GREICIANE SILVA PEREIRA,VALDENORA SILVA SILVA,JUVENYA PERFKRA PEREIRA,[800, 635, 704, 387, 385, 249, 754, 838, 47]
00192,17/10/2518,M,IVANILDO SILVA GARELHA,REGINA,JOSE SG,[455, 981, 990, 514, 275]
00193,21/09/0953,F,MARIAMELL COSKA,JPELMA MELO SINVA,ANTONIO A C,[610, 30, 392, 165]
00194,14/11/0002,F,ANA F F,MARIA FERREIRA SAMPAIO,DIEGO SILVA FREITAS,[213, 650, 357, 928]
00195,04/10/0026,M,LUCAS SOUSA LIMA,LUIZA SOUSA FERREIRA,MAURICIO FREITAS LIMA,[927]
00196,21/03/0973,F,JUSYANJE,VALDENIA GONDIM OLIVEIRA,CALISTO LRITO EDSON,[518, 715, 171, 198, 726, 303, 486, 199]
00197,25/02/1003,M,ERICPYG MOTA SOUZA,ANTONIA MOTA SILVA,EDULIO,[244, 807, 349, 471]
00198,18/05/1053,F,TALITA M S,DIANA MARTINS CRISTIANE,RAIMUNDO SOUSH SOUCA,[222]
00199,24/10/0019,M,SANDOVAL C J,MARIA,FRANCISCO AIRTON JUSTINO,[99, 298, 53, 628, 430, 831, 836]
00200,07/10/0037,M,FRANCISCO LIMA CESAR,RITA LXMA LIMA,PAULO TORRES CESAR,[493, 32, 752, 699, 388, 471, 244]
00201,06/09/0002,F,CAROLINE MACIEIRA FREITAS,MAYIA,JOSE RODRIGUES FREITAS,[367, 986, 656, 876, 565, 807, 785, 945, 959, 810]
00202,15/09/0085,M,RICARDO,RAMUNDA Z C,FRANCISCO COSTA MARQUES,[110, 987, 60, 937, 630, 437, 484, 373, 581]
00203,28/10/6909,F,TAMYRES MARIA CARLOS,FRANCIYCA,EVANILSON,[482, 557, 79, 303, 488, 151, 872]
00204,24/12/0005,F,CARLA GONDIM ELIESIO,ZULMIRA,RODRIGO B E,[582]
00205,12/07/0979,F,MARLY,MARIA COSTA SILVA,PEDRO RODRIGUES AMARO,[513, 651]
00206,16/07/0061,M,DAVI FREITAS SALES,MAIPA FREETCT SOUSA,FRANCISCO SOUSA SALES,[23, 435, 599, 786]
00207,10/09/1002,F,ELAYNE B S,MARUZA BRINDEIRO SILVA,PAULO SOUSA SANTOS,[355, 513, 140, 70, 134, 82, 825, 119, 357, 891]
00208,20/01/1001,F,LEUDAS S,MARTA SOUSA FJVREIRA,JOSE,[505, 756, 865, 397, 590, 803, 330]
00209,08/09/0971,F,ALESSANDRA GUIMARAES SOUSA,MARIA MUIMARAES CORDEIRO,JOSE NOGUEIRD SOUSA,[874, 623, 933, 699, 658]
00210,27/01/0970,F,GNA RODRNBPES BWSKT,CNLONIARODRIGUTS JESUS,OLIVIO SIQUEIRA BOSCO,[982, 914, 128, 173, 411, 807, 203, 375, 172]
00211,14/07/0964,M,ROBSON ELIVANIA SILVA,MARIA ELIVANIA SOUSA,JOAO FERREIRA SILVA,[497, 236, 798, 273, 102, 801]
00212,26/06/0101,F,LCZIC COSTA YODRIGUES,ANTONIA COSTA SMLAA,EVANGLEISON OLIVEIRA RODRIGUES,[710, 378]
00213,25/08/0067,F,TEREZINHA,ANA L F,VICENTE SILVASANTOK,[694, 155, 169, 924, 351]
00214,27/11/1916,F,LIDUINA NONATA MAGALHAES,MARPAN S,JOSE GOMES MAGALHAES,[479, 459, 811, 281, 39, 326, 314]
00215,27/07/0089,F,ANA SILVA SOBRINHO,DALVA SILVA SANTOS,LEANDRO MOREIRA SOBRINHO,[624, 598, 573, 490, 936, 570, 795, 89]
00216,16/07/0909,M,JORGE ANDRADE CLEMENTE,MA A S,FRANCISCO MOTA CLEMENTE,[569, 129, 631, 215]
00217,16/12/0737,F,TEREWINHACONCENZAO FILHO,JOSILENE CONCEICAO SILVA,SEBASTIAB B F,[401, 636, 632, 539, 939]
00218,18/11/1970,M,RENATO CORREIA ELIEZER,MARIEA CM,RAIMUNDO E E,[403, 594, 252, 895, 708, 637]
00219,11/09/0967,F,MARIA SANTOS MOITA,MAXVASBNTOS BARBOSF,ALDIQBO SKLVOMOITA,[751, 154, 964, 996, 201]
00220,23/01/1000,F,INGRID OLIVEIRA SILVA,CLAUDIANA OLIVEIRA PAULA,AKTONRO MNOFAECILVA,[277, 504, 124]
00221,21/05/0972,F,ANAMELO BRITO,MARIA MELO EDNA,GERALDO PEREIRA BRITO,[382, 996, 26, 136, 436, 939, 686, 211, 208]
00222,16/02/0070,F,MARIA LIMA ANASTACIO,MARIA,JOAO MORAIS ANASTACIO,[614, 320, 91, 633, 234, 809]
00223,28/11/0786,F,FRANCISCA SORAYA OLIVEIRA,SELMA S I,VALDEMAR SOCORRO OLIVEIRA,[425, 144, 173, 817, 886, 321]
00224,14/10/4000,M,CRISLANOSILRA ACACIO,IRISMAR SILVA SOUSA,ARNALDO OLIVEIRA ACACIO,[996]
00225,11/01/1450,M,CELAR COELHOCOSTA,EDILZA COELHO ALVES,LUIS,[859, 485, 438, 788, 846, 726]
00226,23/08/0010,F,GENILDA NASCIMENTC SANTOS,ANTONIA N B,ALOISIO JUNIUR SANTOS,[216, 715, 726, 929, 634]
00227,20/05/0990,M,ABSAZAO CHAGAS NASCIMENTO,IRISMAR CHAGAS COSTA,RAIMUNDO S U,[531, 242, 390, 673, 163, 765, 817, 156]
00228,23/09/0903,M,JFSE SILVA VERNANDES,EDNA,FRANCISCO R F,[129, 422, 354, 439]
00229,18/07/0973,F,MARIA,ELIOANIA KRANCA SILFA,JOSE SILVA OLIVERA,[474, 687, 727, 550]
00230,10/07/0976,M,JRINHISCO JOSE ODECIO,MARIA,MARCELINO L O,[395, 99, 838, 308]
00231,11/12/0956,F,FRANCWSCA,MARIA SOARES CUNHA,MAIRTON FQRREIRA AURCOIO,[208, 153, 525, 587, 379, 935]
00232,01/03/0714,M,JOSE ANDRADE ERNANDES,LUDIMILA A C,FRANCISCO P E,[600, 782]
00233,10/04/0366,F,ANTONIA,VERA SOUSA NEIDE,RONALDO PITA CAVALCANTE,[326, 575, 872, 523, 360, 215, 197, 383]
00234,18/10/0060,M,FRANCISCO SOUSA BARBOSA,FRANCISCA SOUSA MARQUES,JOAO ARAUJO BARBOSA,[138, 962, 718, 135, 952, 80, 706, 127, 205]
00235,25/10/0012,F,SARA M A,CONCEICAO M N,FRANCISCO FREITAS ABREU,[313]
00236,10/08/0015,M,JOEL,ANTONIA,ANTONIO CRUZ SOUSA,[6, 852, 923, 629, 463, 618, 846, 681]
00237,27/11/0970,F,LUCIMAR MENDONCA JAILSON,MARIA GENDONCN LTLIA,DENILSON OLIVEIRA JAILSON,[546, 388, 654, 898, 892, 905, 889]
00238,21/07/0094,M,ANZONNO SINVA RAMOS,REHINKSILVA AFANCISCZ,ELZRSANDROMCREIRA RDMOS,[625, 744, 536, 814, 361, 30, 158, 555, 739, 775]
00239,23/11/0006,F,SORAGA SANTRS VILOO,MARIA SANTOS LIMA,MARIO SOUSA FILHO,[319, 820, 361, 198, 493, 833]
